-- ============================================================================
-- ReqPub - worked-example PRDs for the Collection Ventures workspace
-- ============================================================================
-- Run ONCE in the Supabase SQL editor, AFTER schema.sql. Re-runnable (idempotent).
-- It targets the org named exactly 'Collection Ventures'. If your workspace is
-- named differently, change the name on the first line of the DO block.
-- Generated from tools/prd-seed-data.mjs; do not hand-edit.
-- ============================================================================

begin;

do $$
declare v_org uuid;
begin
  select id into v_org from orgs where name = 'Collection Ventures' order by created_at limit 1;
  if v_org is null then
    raise exception 'No workspace named "Collection Ventures" was found. Edit the name in this file and re-run.';
  end if;

  delete from projects where org_id = v_org and name ilike '%botyield%';
  delete from projects where org_id = v_org and (name ilike '%fathering%' or lower(name) = 'fathering excellence profile');
  delete from projects where org_id = v_org and id in ('prd-fathering-excellence', 'prd-reqpub-platform', 'prd-esign-api');

  -- Insert the project shells (owned by the workspace; filled drafts, no version).
  insert into projects (id, org_id, name, disc_export) values
    ('prd-fathering-excellence', v_org, 'Fathering Excellence Profile', false),
    ('prd-reqpub-platform', v_org, 'ReqPub Platform', false),
    ('prd-esign-api', v_org, 'Esign API', false);
end $$;

-- Scalar answers
insert into project_fields (project_id, field_id, value, rev, updated_by_name, updated_at) values
  ('prd-fathering-excellence', 'ctrl_product', '"Fathering Excellence Profile"'::jsonb, 1, 'Seed', now()),
  ('prd-fathering-excellence', 'ctrl_org', '"Collection Ventures"'::jsonb, 1, 'Seed', now()),
  ('prd-fathering-excellence', 'ctrl_owner', '"Micah Canfield"'::jsonb, 1, 'Seed', now()),
  ('prd-fathering-excellence', 'ctrl_status', '"In Review"'::jsonb, 1, 'Seed', now()),
  ('prd-fathering-excellence', 'ov_purpose', '"This document is the authoritative requirements record for the Fathers.com continuing-education and community platform. It is written for the build team (PM, CTO, SWE leads) and the build agent, and it defines the vision, roles, experiences, architecture, data model, engagement mechanics, institutional deployment modes, and the phased build plan. Where this record is silent, the build escalates to the owner rather than inventing scope."'::jsonb, 1, 'Seed', now()),
  ('prd-fathering-excellence', 'ov_vision', '"Make Fathers.com the number-one global platform where fathers assess where they stand, grow with proven material, lock arms with other men, and prove their progress in ways courts, employers, and their own families can trust. The founding belief, unchanged since 1990: when fathers grow, children flourish. North Star: Weekly Active Fathering Actions (WAFA), the count of fathers who log at least one intentional real-world fathering action in a given week. Business North Star: Verified Completions, the unit institutions pay for."'::jsonb, 1, 'Seed', now()),
  ('prd-fathering-excellence', 'ov_problem', '"Fathers lack a trusted way to know where they stand and prove progress. Roughly one in four US children live without a father in the home. Generic parenting apps measure screen time, not fathering, and produce nothing a court, employer, or parole board will accept. The opportunity is a validated instrument plus a proof rail plus real-world brotherhood, three things AI cannot commoditize and men will actually pay for."'::jsonb, 1, 'Seed', now()),
  ('prd-fathering-excellence', 'ov_market', '"About 34.3 million US men have a biological child under 18, within roughly 71 million North American fathers. The client segmentation places about 56 percent of fathers as growth-oriented and 44 percent as at-risk across five segments. Institutional buyers already fund fatherhood programming: corrections, courts, employers, and military and VA channels. The first deployment is free for a 100,000-subscriber onboarding wave, with monetization following immediately."'::jsonb, 1, 'Seed', now()),
  ('prd-fathering-excellence', 'context', '"Mobile-first installable PWA at 390-point width, one primary action per screen. Corrections mode must run fully offline for a class session and sync when connectivity returns. Institutional modes (employer, court, corrections, military) are configuration bundles over one platform, not separate apps. Assessment must never block on the network; the member is the only thing it waits on."'::jsonb, 1, 'Seed', now()),
  ('prd-fathering-excellence', 'sol_solution', '"One platform with a single spine: a validated onboarding assessment (the Keystone Father Profile) that tells every man the truth, a deterministic plan engine that maps his lowest factors to exact modules, region-and-stage-matched Crews of 5 to 8 men with an accountability Anchor, cohort Expeditions that end in a verified completion, a weekly Rhythm of logged real-world actions, a verified-behavior rank ladder (Waypoints), and a signing-and-verification layer (ProofRail) whose records verify independently even if Fathers.com is offline."'::jsonb, 1, 'Seed', now()),
  ('prd-fathering-excellence', 'staged', '"Yes"'::jsonb, 1, 'Seed', now()),
  ('prd-fathering-excellence', 'has_ai', '"Yes"'::jsonb, 1, 'Seed', now()),
  ('prd-fathering-excellence', 'golden', '"Voice mode is evaluated against a human-labeled set of colloquial answers mapped to the 1-to-5 scale, built during the pilot and stratified by dialect cohort. The knowledge agent is evaluated against a probe set of in-corpus and out-of-corpus questions; every generated response must cite a source module, and out-of-corpus probes must trigger honest deferral plus a content-gap ticket, never an improvised answer."'::jsonb, 1, 'Seed', now()),
  ('prd-fathering-excellence', 'vulnerable', '"Yes"'::jsonb, 1, 'Seed', now()),
  ('prd-fathering-excellence', 'safeguard', '"A disclosure of self-harm, harm to others, or domestic violence routes to a trained human within one hour, pauses all gamification and nudges for that member, and surfaces professional resources in-product. The protocol is never punitive and never automated therapy (runbook RB-04, interaction IX-09). Minors are excluded from the platform in every role; child records are life-stage and birth-year band only."'::jsonb, 1, 'Seed', now()),
  ('prd-fathering-excellence', 'consent', '"Research, comparison (self vs observer), and marketing consents are separate records, plain-language, opt-in, and revocable at any time. Research consent is separate from terms acceptance. The self-versus-observer comparison overlay renders only after both the father and the secondary participant accept an identical consent sheet; either revocation removes it immediately."'::jsonb, 1, 'Seed', now()),
  ('prd-fathering-excellence', 'retention', '"Responses and scores are retained while the account lives. Self-serve export (JSON plus PDFs) and account deletion carry a 14-day cooldown; deletion cascades per the retention matrix, with certificates preserved as anonymized verification stubs so previously issued proofs still verify. Corrections records follow the facility agreement and applicable records law. The audit log is retained seven years."'::jsonb, 1, 'Seed', now()),
  ('prd-fathering-excellence', 'residency', '"Primary data is stored and processed in the platform region on the managed Postgres backend. Cross-border processing for institutional channels is contracted per agreement. Voice audio is processed for transcription and discarded by default; transcripts store with the response record."'::jsonb, 1, 'Seed', now()),
  ('prd-fathering-excellence', 'access', '"Row-level security defaults to deny. Members read their own rows; Crew and group visibility flow through membership joins. Assessment scores carry the strictest policy: readable by the member, the scoring service, and consented case access only, and are never visible to employers, courts, corrections officials, or military admins. Institutional roles read only aggregate views with a minimum cohort size of ten. Staff access is scoped by case and logged; production access is break-glass and reviewed monthly."'::jsonb, 1, 'Seed', now()),
  ('prd-fathering-excellence', 'verify_note', '"A release is accepted when every Must requirement for the phase passes its fit criterion in production, the RLS default-deny suite passes, and the phase exit criteria in the build plan hold. ProofRail records must verify independently of Fathers.com systems (the Mars rule) with zero false-valids."'::jsonb, 1, 'Seed', now()),
  ('prd-fathering-excellence', 'link_repo', '"to confirm"'::jsonb, 1, 'Seed', now()),
  ('prd-fathering-excellence', 'link_board', '"to confirm"'::jsonb, 1, 'Seed', now()),
  ('prd-fathering-excellence', 'link_design', '"to confirm"'::jsonb, 1, 'Seed', now()),
  ('prd-reqpub-platform', 'ctrl_product', '"ReqPub Platform"'::jsonb, 1, 'Seed', now()),
  ('prd-reqpub-platform', 'ctrl_org', '"Collection Ventures"'::jsonb, 1, 'Seed', now()),
  ('prd-reqpub-platform', 'ctrl_owner', '"Micah Canfield"'::jsonb, 1, 'Seed', now()),
  ('prd-reqpub-platform', 'ctrl_status', '"In Review"'::jsonb, 1, 'Seed', now()),
  ('prd-reqpub-platform', 'ov_purpose', '"This document is the working requirements record for ReqPub itself: the platform the team uses to turn discovery into a versioned, approved, testable requirements record. It states what has already shipped (so the team edits from reality) and what remains for the next phase (SOC 2 Type II and e-signature execution with cryptographic sealing). It is the record the team stress-tests the platform against."'::jsonb, 1, 'Seed', now()),
  ('prd-reqpub-platform', 'ov_vision', '"The requirements record your client approves. ReqPub takes a project from discovery to an approved, testable baseline where every version is numbered, every approval is named, and every export carries its own history. When someone asks what was agreed, you open the record. The terminal promise is a sign-off that is cryptographically sealed to the exact baseline signed, so the document proves itself."'::jsonb, 1, 'Seed', now()),
  ('prd-reqpub-platform', 'ov_problem', '"Projects fail at \"that’s not what we agreed,\" not at the build. Requirements live in decks, documents, and email threads; reconstructing who approved what, when, and what changed since the client last saw it burns senior hours and goodwill. Teams need a single record that moves with the scope and defends itself under review."'::jsonb, 1, 'Seed', now()),
  ('prd-reqpub-platform', 'ov_market', '"Advisory and product teams whose work is reviewed, contested, and approved: consulting engagement teams, agencies, and internal product groups working with external subject-matter experts and partners. The buyer answers to a client and to procurement; the record is the artifact both trust."'::jsonb, 1, 'Seed', now()),
  ('prd-reqpub-platform', 'context', '"A static frontend (installable, no build step) on a managed Postgres backend with row-level security, realtime, and edge functions. Deployed on GitHub Pages against Supabase. Used live by internal teams (managers and viewers), external SMEs with no account (tokened links), and partners who manage SMEs (a portal). Multiplayer editing must survive nine or more concurrent editors without lost writes."'::jsonb, 1, 'Seed', now()),
  ('prd-reqpub-platform', 'sol_solution', '"A relational requirements platform: every shared structure is rows, not a JSON blob, so concurrent adds cannot overwrite each other; every scalar field carries a revision so stale writes are detected and resolved rather than clobbered; version numbers are allocated server-side; approvals are a real state machine with named, server-stamped sign-off; sharing is section-scoped and brand-carrying; and every export carries its own history on the cover. The next phase seals that export cryptographically and executes sign-off by e-signature."'::jsonb, 1, 'Seed', now()),
  ('prd-reqpub-platform', 'staged', '"Yes"'::jsonb, 1, 'Seed', now()),
  ('prd-reqpub-platform', 'has_ai', '"No"'::jsonb, 1, 'Seed', now()),
  ('prd-reqpub-platform', 'vulnerable', '"No"'::jsonb, 1, 'Seed', now()),
  ('prd-reqpub-platform', 'consent', '"External reviewers (SMEs) act through tokened links with no account; they see only the curated, section-scoped brief the team publishes, never fit criteria, schedules, or internal notes. Partners see only the published brief of projects granted to them. All external participation is on the record with names and timestamps."'::jsonb, 1, 'Seed', now()),
  ('prd-reqpub-platform', 'retention', '"Every project, version, comment, and approval is retained for the life of the workspace. Versions are immutable baselines. The activity log is append-only and written by the database itself. Managers can archive a project; an administrator can restore it. Export to Word, PDF, and Markdown is available at any time."'::jsonb, 1, 'Seed', now()),
  ('prd-reqpub-platform', 'residency', '"Data is stored and processed in the Supabase project region. The public anon key ships in the client by design; all protection rests on row-level security and the rev-checked RPCs."'::jsonb, 1, 'Seed', now()),
  ('prd-reqpub-platform', 'access', '"Row-level security scopes every table to the organization. Managers write; viewers read everything and reply in threads; partners reach only assigned projects through the portal; SMEs reach only tokened briefs. Worksheet fields and rows are writable only through rev-checked SECURITY DEFINER RPCs; write is revoked from the audit-only tables. Approval provenance is stamped from the signed-in user and cannot be forged."'::jsonb, 1, 'Seed', now()),
  ('prd-reqpub-platform', 'verify_note', '"A capability is accepted when it passes its fit criterion in production and is covered by the automated suite (143 unit tests, 231 backend checks on a real Postgres). The SOC 2 and e-signature requirements are accepted only when independently audited and, for e-signature, when a sealed export verifies against its exact baseline."'::jsonb, 1, 'Seed', now()),
  ('prd-reqpub-platform', 'link_repo', '"github.com/StrategyandDesign/ReqPub"'::jsonb, 1, 'Seed', now()),
  ('prd-reqpub-platform', 'link_board', '"to confirm"'::jsonb, 1, 'Seed', now()),
  ('prd-reqpub-platform', 'link_design', '"reqpub.com"'::jsonb, 1, 'Seed', now()),
  ('prd-esign-api', 'ctrl_product', '"Esign API"'::jsonb, 1, 'Seed', now()),
  ('prd-esign-api', 'ctrl_org', '"Collection Ventures"'::jsonb, 1, 'Seed', now()),
  ('prd-esign-api', 'ctrl_owner', '"Micah Canfield"'::jsonb, 1, 'Seed', now()),
  ('prd-esign-api', 'ctrl_status', '"In Review"'::jsonb, 1, 'Seed', now()),
  ('prd-esign-api', 'ov_purpose', '"This document is the requirements record for the Esign API: the API-first electronic-signature service that executes sign-off and seals the result. It is written for the build team and the build agent, and it defines the envelope lifecycle, recipients and fields, the signing ceremony, assurance levels, the tamper-evident ledger, and independent bundle verification. It is the execution layer behind ReqPub sign-off and a standalone product. Where this record is silent, the build escalates to the owner rather than inventing scope."'::jsonb, 1, 'Seed', now()),
  ('prd-esign-api', 'ov_vision', '"A signature you can prove without trusting the vendor. Esign API takes a document from upload to a completed, cryptographically sealed bundle that any third party can verify offline. Every envelope carries a hash-chained ledger of who did what and when, and every completed bundle verifies against its own contents even if the service is gone. The promise: the proof outlives the platform."'::jsonb, 1, 'Seed', now()),
  ('prd-esign-api', 'ov_problem', '"E-signature is usually a black box: the audit trail lives on the vendor’s servers, and if the vendor disappears or is disputed, the proof is gone. Teams that answer to courts, auditors, and regulators need signatures whose integrity does not depend on the signing vendor staying online or trustworthy. They need an API they can embed, an assurance level they can choose, and a bundle that verifies on its own."'::jsonb, 1, 'Seed', now()),
  ('prd-esign-api', 'ov_market', '"Product and advisory teams that already collect approvals and now need legally executed, independently verifiable signatures: ReqPub sign-off first, then agencies, compliance-heavy SaaS, and institutional workflows (corrections, courts, employers) that must show an unbroken chain of custody. The buyer answers to a regulator or a court; the verifiable bundle is the artifact both sides trust."'::jsonb, 1, 'Seed', now()),
  ('prd-esign-api', 'context', '"A stateless FastAPI service over a managed Postgres backend and object storage. Documents are PDFs, fields are placed by page coordinate, and signatures are captured by draw, type, or click. The ledger is append-only and hash-chained. The API is the product surface (OpenAPI-documented); a thin hosted signing page is a client of it. Verification must never depend on the service being online."'::jsonb, 1, 'Seed', now()),
  ('prd-esign-api', 'sol_solution', '"One service with a clear spine: an issuer uploads a document; an envelope is created with recipients (each a role), fields (each a type placed on a page), and an assurance level; the envelope is sent by a delivery method; each recipient completes a signing ceremony (submit or decline) captured with method and consent; on completion the service seals a bundle (documents, fields, signatures, and the hash-chained ledger) with an RFC 3161 timestamp; and a public verify endpoint validates any bundle against its own contents. A self-sign path lets an issuer sign their own document in one call."'::jsonb, 1, 'Seed', now()),
  ('prd-esign-api', 'staged', '"Yes"'::jsonb, 1, 'Seed', now()),
  ('prd-esign-api', 'has_ai', '"No"'::jsonb, 1, 'Seed', now()),
  ('prd-esign-api', 'vulnerable', '"No"'::jsonb, 1, 'Seed', now()),
  ('prd-esign-api', 'consent', '"Every signer is shown the document and an explicit electronic-signature consent (ESIGN and eIDAS intent-to-sign) before any signature is captured, and consent is recorded with the signature as a ledger event. A recipient may decline; a decline is a first-class, recorded outcome, not an error. No signature is captured without an affirmative act tied to the shown document hash."'::jsonb, 1, 'Seed', now()),
  ('prd-esign-api', 'retention', '"Envelopes, documents, fields, signatures, and ledger events are retained for the life of the account and any contracted legal-hold period. Completed bundles are immutable and independently verifiable; deleting an envelope preserves the sealed bundle hash and a ledger stub so previously issued proofs still verify. The audit ledger is append-only and retained per the records agreement."'::jsonb, 1, 'Seed', now()),
  ('prd-esign-api', 'residency', '"Documents and signatures are stored in the account’s configured region on managed Postgres and object storage. Signed bundles are content-addressed by hash. Timestamping is delegated to an RFC 3161 authority and the timestamp token is stored with the bundle. Cross-border processing for institutional channels is contracted per agreement."'::jsonb, 1, 'Seed', now()),
  ('prd-esign-api', 'access', '"Row-level security defaults to deny. An issuer reads only their own envelopes; a recipient reaches only the envelope and fields addressed to them, through a scoped signing token, never the issuer’s other envelopes. Signing tokens are single-purpose, expiring, and bound to one recipient on one envelope. The ledger is writable only by the service (append-only); verification is public and reads only the bundle presented to it. API keys are per-issuer and scoped."'::jsonb, 1, 'Seed', now()),
  ('prd-esign-api', 'verify_note', '"A release is accepted when every Must requirement passes its fit criterion in production, the RLS default-deny suite passes, and a sealed bundle verifies independently of the service with zero false-valids and zero false-invalids on the conformance set. Tampering with any byte of a sealed bundle must fail verification."'::jsonb, 1, 'Seed', now()),
  ('prd-esign-api', 'link_repo', '"to confirm"'::jsonb, 1, 'Seed', now()),
  ('prd-esign-api', 'link_board', '"to confirm"'::jsonb, 1, 'Seed', now()),
  ('prd-esign-api', 'link_design', '"to confirm"'::jsonb, 1, 'Seed', now())
on conflict (project_id, field_id) do update set value = excluded.value, rev = 1;

-- Repeating rows (lists and tables). k is the permanent per-field id used for FR-/NFR-style numbering.
insert into field_rows (project_id, field_id, k, data, pos, updated_by_name, updated_at) values
  ('prd-fathering-excellence', 'ov_goals', 1, '{"text":"Grow Weekly Active Fathering Actions (WAFA) week over week as the primary mission metric."}'::jsonb, 1, 'Seed', now()),
  ('prd-fathering-excellence', 'ov_goals', 2, '{"text":"Produce Verified Completions (assessments, Expeditions, courses) as the fundable business unit, reported weekly by channel."}'::jsonb, 2, 'Seed', now()),
  ('prd-fathering-excellence', 'ov_goals', 3, '{"text":"Onboard the 100,000-subscriber wave with assessment completion at or above 75 percent of starters."}'::jsonb, 3, 'Seed', now()),
  ('prd-fathering-excellence', 'ov_goals', 4, '{"text":"Reach Crew join at or above 40 percent of new completers and week-4 Rhythm at or above 45 percent."}'::jsonb, 4, 'Seed', now()),
  ('prd-fathering-excellence', 'ov_goals', 5, '{"text":"Sign at least one institutional channel (employer, court, corrections, or military) with real revenue."}'::jsonb, 5, 'Seed', now()),
  ('prd-fathering-excellence', 'sol_in', 1, '{"text":"Instrument-agnostic assessment engine that loads the Keystone Father Profile as configuration and runs multi-session, resumable, autosaving intake."}'::jsonb, 1, 'Seed', now()),
  ('prd-fathering-excellence', 'sol_in', 2, '{"text":"Deterministic personalization engine mapping factor bands and child life-stage to an ordered plan of three active items."}'::jsonb, 2, 'Seed', now()),
  ('prd-fathering-excellence', 'sol_in', 3, '{"text":"Crews, Anchors, and leader-run groups with Crew-scoped and Anchor-scoped messaging only."}'::jsonb, 3, 'Seed', now()),
  ('prd-fathering-excellence', 'sol_in', 4, '{"text":"Weekly Rhythm logging, cohort Expeditions, and a verified-behavior Waypoints rank ladder."}'::jsonb, 4, 'Seed', now()),
  ('prd-fathering-excellence', 'sol_in', 5, '{"text":"ProofRail signing, timestamping, transparency log, and public certificate verification."}'::jsonb, 5, 'Seed', now()),
  ('prd-fathering-excellence', 'sol_in', 6, '{"text":"Four institutional deployment modes: employer, court, corrections (offline-capable), and military."}'::jsonb, 6, 'Seed', now()),
  ('prd-fathering-excellence', 'sol_in', 7, '{"text":"Eyes-free voice assessment (later phase) and a grounded knowledge agent behind the plan (later phase)."}'::jsonb, 7, 'Seed', now()),
  ('prd-fathering-excellence', 'sol_out', 1, '{"text":"No infinite-scroll feed; the home screen is a mission board."}'::jsonb, 1, 'Seed', now()),
  ('prd-fathering-excellence', 'sol_out', 2, '{"text":"No minor accounts and no collection of children’s names, ever."}'::jsonb, 2, 'Seed', now()),
  ('prd-fathering-excellence', 'sol_out', 3, '{"text":"No open direct messages between strangers; messaging is Crew and Anchor scoped."}'::jsonb, 3, 'Seed', now()),
  ('prd-fathering-excellence', 'sol_out', 4, '{"text":"No daily platform-wide streak; the Rhythm is weekly, daily cadence only inside Expeditions."}'::jsonb, 4, 'Seed', now()),
  ('prd-fathering-excellence', 'sol_out', 5, '{"text":"No therapy-speak, clinical claims, or diagnosis; the platform educates and connects, it does not treat."}'::jsonb, 5, 'Seed', now()),
  ('prd-fathering-excellence', 'sol_out', 6, '{"text":"No dark patterns, no ads, no selling member data, no crypto or tokens."}'::jsonb, 6, 'Seed', now()),
  ('prd-fathering-excellence', 'sol_out', 7, '{"text":"No chatbot as the front door and no native livestream infrastructure before leader demand proves it."}'::jsonb, 7, 'Seed', now()),
  ('prd-fathering-excellence', 'assume', 1, '{"text":"The Keystone Father Profile is psychometrically validated and licensed for digital deployment with existing norms and rubrics (owner-confirmed; item count and observer-form rights confirmed at Phase 0 exit)."}'::jsonb, 1, 'Seed', now()),
  ('prd-fathering-excellence', 'assume', 2, '{"text":"The 100,000-subscriber onboarding wave exists and converts a meaningful fraction to accounts across the launch arc."}'::jsonb, 2, 'Seed', now()),
  ('prd-fathering-excellence', 'assume', 3, '{"text":"Institutional buyers pay for verified completion and aggregate reporting, not for assessment scores."}'::jsonb, 3, 'Seed', now()),
  ('prd-fathering-excellence', 'depend', 1, '{"text":"Managed Postgres backend (Supabase-class) with row-level security, realtime, storage, and edge functions."}'::jsonb, 1, 'Seed', now()),
  ('prd-fathering-excellence', 'depend', 2, '{"text":"Managed video platform for on-demand modules and embedded third-party livestreams at launch."}'::jsonb, 2, 'Seed', now()),
  ('prd-fathering-excellence', 'depend', 3, '{"text":"Payment processor with subscription billing, checkout, marketplace payouts, and tax."}'::jsonb, 3, 'Seed', now()),
  ('prd-fathering-excellence', 'depend', 4, '{"text":"ProofRail verification service shared with the studio’s existing verification work."}'::jsonb, 4, 'Seed', now()),
  ('prd-fathering-excellence', 'depend', 5, '{"text":"Instrument owner sign-off for any change to scoring, norms, or item structure."}'::jsonb, 5, 'Seed', now()),
  ('prd-fathering-excellence', 'constrain', 1, '{"text":"One deployment, domain-modular; no microservices at this audience scale."}'::jsonb, 1, 'Seed', now()),
  ('prd-fathering-excellence', 'constrain', 2, '{"text":"The instrument is configuration; zero instrument logic in code."}'::jsonb, 2, 'Seed', now()),
  ('prd-fathering-excellence', 'constrain', 3, '{"text":"All working names ship behind config flags for owner rename without code change."}'::jsonb, 3, 'Seed', now()),
  ('prd-fathering-excellence', 'constrain', 4, '{"text":"WCAG 2.1 AA and Section 508 globally, because federal channels require it."}'::jsonb, 4, 'Seed', now()),
  ('prd-fathering-excellence', 'constrain', 5, '{"text":"Answer-save p95 under 300 ms; the UI never blocks on the network."}'::jsonb, 5, 'Seed', now()),
  ('prd-fathering-excellence', 'ctrl_approvers', 1, '{"role":"Owner","name":"Micah Canfield"}'::jsonb, 1, 'Seed', now()),
  ('prd-fathering-excellence', 'ctrl_approvers', 2, '{"role":"Product","name":"Tim Harris"}'::jsonb, 2, 'Seed', now()),
  ('prd-fathering-excellence', 'ctrl_approvers', 3, '{"role":"CTO / Architecture","name":"Alon Arad"}'::jsonb, 3, 'Seed', now()),
  ('prd-fathering-excellence', 'ctrl_approvers', 4, '{"role":"Engineering lead","name":"Erik Companhone"}'::jsonb, 4, 'Seed', now()),
  ('prd-fathering-excellence', 'seg', 1, '{"segment":"Growth-oriented fathers","share":"56%","desc":"Want a precise next step after the Profile, not a content dump."}'::jsonb, 1, 'Seed', now()),
  ('prd-fathering-excellence', 'seg', 2, '{"segment":"At-risk fathers","share":"44%","desc":"Span crisis-window, corrections, and reentry situations."}'::jsonb, 2, 'Seed', now()),
  ('prd-fathering-excellence', 'seg', 3, '{"segment":"Crisis-window fathers","share":"High value","desc":"Separation or custody proceedings; need a court-accepted course with proof, fast."}'::jsonb, 3, 'Seed', now()),
  ('prd-fathering-excellence', 'seg', 4, '{"segment":"Institutional cohorts","share":"Funded","desc":"Employer, court, corrections, and military buyers who pay for verified completion."}'::jsonb, 4, 'Seed', now()),
  ('prd-fathering-excellence', 'persona', 1, '{"persona":"The Busy Professional","needs":"Multi-session, one-handed mobile, resumable; weekly not daily cadence."}'::jsonb, 1, 'Seed', now()),
  ('prd-fathering-excellence', 'persona', 2, '{"persona":"The Auditory Learner","needs":"Voice assessment and audio-first modules for the commute."}'::jsonb, 2, 'Seed', now()),
  ('prd-fathering-excellence', 'persona', 3, '{"persona":"The Crisis-Window Father","needs":"A court-recognized course with seat-time tracking and public certificate verification."}'::jsonb, 3, 'Seed', now()),
  ('prd-fathering-excellence', 'persona', 4, '{"persona":"The Incarcerated or Reentry Father","needs":"Offline facility delivery, proof usable with parole and child support, and account continuity on release."}'::jsonb, 4, 'Seed', now()),
  ('prd-fathering-excellence', 'persona', 5, '{"persona":"The Veteran Father","needs":"Peer credibility, trauma-informed pacing, no clinical framing, no autoplay of intense material."}'::jsonb, 5, 'Seed', now()),
  ('prd-fathering-excellence', 'persona', 6, '{"persona":"The Faith-Driven Group Leader","needs":"Curriculum sequencing, attendance, and group progress without seeing member scores."}'::jsonb, 6, 'Seed', now()),
  ('prd-fathering-excellence', 'release', 1, '{"rel":"Phase 0 Foundation","obj":"Repo, environments, schema and RLS, auth, event pipeline, design system, instrument loader, ProofRail skeleton.","mvp":"to confirm","ship":"to confirm"}'::jsonb, 1, 'Seed', now()),
  ('prd-fathering-excellence', 'release', 2, '{"rel":"Phase Spine","obj":"Assess, results, plan, membership; onboard the 100K wave; WAFA dashboard live.","mvp":"to confirm","ship":"to confirm"}'::jsonb, 2, 'Seed', now()),
  ('prd-fathering-excellence', 'release', 3, '{"rel":"Phase Brotherhood","obj":"Crews, Anchors, Rhythm, Expeditions, Waypoints, Campfire, crisis protocol, ProofRail issuance.","mvp":"to confirm","ship":"to confirm"}'::jsonb, 3, 'Seed', now()),
  ('prd-fathering-excellence', 'release', 4, '{"rel":"Phase Leaders & Commerce","obj":"Leader consoles, store and events, court-track course and public verification.","mvp":"to confirm","ship":"to confirm"}'::jsonb, 4, 'Seed', now()),
  ('prd-fathering-excellence', 'release', 5, '{"rel":"Phase Institutions A","obj":"Employer SSO/SCIM and aggregate dashboard; court coordinator portal; SOC 2 evidence begins.","mvp":"to confirm","ship":"to confirm"}'::jsonb, 5, 'Seed', now()),
  ('prd-fathering-excellence', 'release', 6, '{"rel":"Phase Institutions B","obj":"Corrections offline mode and Reentry Bridge; military mode; outcome instrumentation for evaluation.","mvp":"to confirm","ship":"to confirm"}'::jsonb, 6, 'Seed', now()),
  ('prd-fathering-excellence', 'release', 7, '{"rel":"Phase Voice","obj":"Eyes-free voice assessment with grounded clarification and a dialect evaluation harness.","mvp":"to confirm","ship":"to confirm"}'::jsonb, 7, 'Seed', now()),
  ('prd-fathering-excellence', 'release', 8, '{"rel":"Phase Guide","obj":"Grounded knowledge agent behind the plan with mandatory citations and gap tickets.","mvp":"to confirm","ship":"to confirm"}'::jsonb, 8, 'Seed', now()),
  ('prd-fathering-excellence', 'components', 1, '{"name":"Assessment Engine","owner":"Erik Companhone","status":"Planned","desc":"Instrument-agnostic, multi-session, resumable, idempotent write path."}'::jsonb, 1, 'Seed', now()),
  ('prd-fathering-excellence', 'components', 2, '{"name":"Plan Engine","owner":"Erik Companhone","status":"Planned","desc":"Deterministic factor-to-module mapping; three active items maximum."}'::jsonb, 2, 'Seed', now()),
  ('prd-fathering-excellence', 'components', 3, '{"name":"Community","owner":"Huy Tran","status":"Planned","desc":"Crews, Anchors, groups, threads, moderation, safeguarding."}'::jsonb, 3, 'Seed', now()),
  ('prd-fathering-excellence', 'components', 4, '{"name":"Engagement","owner":"Huy Tran","status":"Planned","desc":"Rhythm, Expeditions, Waypoints, notification discipline."}'::jsonb, 4, 'Seed', now()),
  ('prd-fathering-excellence', 'components', 5, '{"name":"ProofRail","owner":"Alon Arad","status":"Planned","desc":"Signing, RFC 3161 timestamps, transparency log, revocation, public verify."}'::jsonb, 5, 'Seed', now()),
  ('prd-fathering-excellence', 'components', 6, '{"name":"Institutional Modes","owner":"Andy Lan","status":"Planned","desc":"Employer, court, corrections (offline), military configuration bundles."}'::jsonb, 6, 'Seed', now()),
  ('prd-fathering-excellence', 'components', 7, '{"name":"Voice Mode","owner":"Erik Companhone","status":"Planned","desc":"Streaming STT, grounded intent, streaming TTS; tap parity always."}'::jsonb, 7, 'Seed', now()),
  ('prd-fathering-excellence', 'components', 8, '{"name":"Knowledge Agent","owner":"Erik Companhone","status":"Planned","desc":"Retrieval over the vetted corpus; cited generation; no unvetted claims."}'::jsonb, 8, 'Seed', now()),
  ('prd-fathering-excellence', 'metrics', 1, '{"metric":"Answer-save latency","target":"p95 under 300 ms","method":"Server-acknowledged timing on the responses write path."}'::jsonb, 1, 'Seed', now()),
  ('prd-fathering-excellence', 'metrics', 2, '{"metric":"Assessment completion (starters)","target":"at or above 75%","method":"Completions divided by starts, per launch cohort."}'::jsonb, 2, 'Seed', now()),
  ('prd-fathering-excellence', 'metrics', 3, '{"metric":"Crew join rate (new completers)","target":"at or above 40%","method":"Crew joins within 7 days of results."}'::jsonb, 3, 'Seed', now()),
  ('prd-fathering-excellence', 'metrics', 4, '{"metric":"Week-4 Rhythm rate","target":"at or above 45%","method":"Members logging in week 4 of membership."}'::jsonb, 4, 'Seed', now()),
  ('prd-fathering-excellence', 'metrics', 5, '{"metric":"Expedition cohort completion","target":"at or above 55%","method":"Completions per enrolled cohort."}'::jsonb, 5, 'Seed', now()),
  ('prd-fathering-excellence', 'metrics', 6, '{"metric":"Voice semantic mapping accuracy","target":"at or above 95%","method":"Against a human-labeled set; below 92% blocks a dialect cohort."}'::jsonb, 6, 'Seed', now()),
  ('prd-fathering-excellence', 'metrics', 7, '{"metric":"WAFA (North Star)","target":"up and to the right, weekly","method":"Distinct fathers logging one intentional action per week."}'::jsonb, 7, 'Seed', now()),
  ('prd-fathering-excellence', 'metrics', 8, '{"metric":"Verified Completions (Business North Star)","target":"weekly by channel","method":"ProofRail-signed records issued."}'::jsonb, 8, 'Seed', now()),
  ('prd-fathering-excellence', 'fr', 1, '{"stmt":"The platform delivers the Keystone Father Profile as one item per screen on a uniform 1-to-5 scale, autosaving every answer and resuming on any device.","fit":"A member completes the instrument across multiple sessions and devices with no lost answers; save p95 under 300 ms. Test and Demonstration.","pri":"Must","comp":"Assessment Engine"}'::jsonb, 1, 'Seed', now()),
  ('prd-fathering-excellence', 'fr', 2, '{"stmt":"The engine loads an instrument as data (items, sections, dimensions, factors, scale anchors, scoring weights, norm tables, clarifications, observer variant) with no code change per instrument.","fit":"A 100-item and a 138-item instrument both run from configuration. Inspection and Test.","pri":"Must","comp":"Assessment Engine"}'::jsonb, 2, 'Seed', now()),
  ('prd-fathering-excellence', 'fr', 3, '{"stmt":"On completion the platform scores against the licensed rubric and renders results strengths-first, growth-areas-second, norm-referenced in plain words, never a grade, always ending in the member’s first three actions.","fit":"Results match the licensed scoring exactly and always present a trail. Inspection and Test.","pri":"Must","comp":"Plan Engine"}'::jsonb, 3, 'Seed', now()),
  ('prd-fathering-excellence', 'fr', 4, '{"stmt":"The plan engine maps the member’s lowest factors and children’s life-stages to an ordered plan of at most three active items (one module, one field action, one Crew or Expedition step).","fit":"Every member sees exactly three active items derived from mapping tables; recommendation tap-through is measured. Test.","pri":"Must","comp":"Plan Engine"}'::jsonb, 4, 'Seed', now()),
  ('prd-fathering-excellence', 'fr', 5, '{"stmt":"The platform forms Crews of 5 to 8 men matched on child life-stage, region, and situation tags, with an Anchor pairing and a merge offer when a Crew falls below four active men after six weeks.","fit":"New completers are offered a matched Crew; small Crews trigger a merge. Test and Demonstration.","pri":"Must","comp":"Community"}'::jsonb, 5, 'Seed', now()),
  ('prd-fathering-excellence', 'fr', 6, '{"stmt":"Messaging is Crew-scoped and Anchor-scoped only; leaders broadcast and hold public sessions but cannot direct-message members.","fit":"No path exists for a leader-to-member DM or a stranger DM. Inspection and Test.","pri":"Must","comp":"Community"}'::jsonb, 6, 'Seed', now()),
  ('prd-fathering-excellence', 'fr', 7, '{"stmt":"The Rhythm records one intentional fathering action per week with optional note, with milestone celebrations at 4, 12, 26, and 52 weeks and a protection pass earned per completed Expedition.","fit":"One log per week counts; no daily platform streak exists; milestones fire only at the four marks. Test.","pri":"Must","comp":"Engagement"}'::jsonb, 7, 'Seed', now()),
  ('prd-fathering-excellence', 'fr', 8, '{"stmt":"Expeditions run fixed-length cohorts with daily check-ins and Crew visibility, and issue a ProofRail-signed completion record on finish.","fit":"A completed Expedition produces a verifiable record. Test and Demonstration.","pri":"Must","comp":"Engagement"}'::jsonb, 8, 'Seed', now()),
  ('prd-fathering-excellence', 'fr', 9, '{"stmt":"Waypoints advance rank on verified behavior only (profile complete, first Expedition, sustained Rhythm plus Crew service, capstone), never on purchases.","fit":"No purchase advances rank; every rank maps to verifiable behaviors. Inspection.","pri":"Must","comp":"Engagement"}'::jsonb, 9, 'Seed', now()),
  ('prd-fathering-excellence', 'fr', 10, '{"stmt":"ProofRail signs each completion record with a hash, RFC 3161 timestamp, course and version, and requirement attestations, appends it to a transparency log, and verifies publicly without a Fathers.com account.","fit":"A third party verifies a certificate while the platform is offline; revocation is checked on every verify; zero false-valids. Test.","pri":"Must","comp":"ProofRail"}'::jsonb, 10, 'Seed', now()),
  ('prd-fathering-excellence', 'fr', 11, '{"stmt":"Institutional reporting exposes completion, attendance, and certificate validity only, always aggregated with a minimum cohort size of ten; assessment scores are never visible to any institution.","fit":"No employer, court, corrections, or military view returns an individual score or a sub-ten cohort. Inspection and Test.","pri":"Must","comp":"Institutional Modes"}'::jsonb, 11, 'Seed', now()),
  ('prd-fathering-excellence', 'fr', 12, '{"stmt":"Corrections mode runs a full class session offline, captures attendance and module completion, and syncs verified completions when connectivity returns.","fit":"A facilitator runs a session with no connectivity and syncs later with no data loss. Demonstration and Test.","pri":"Must","comp":"Institutional Modes"}'::jsonb, 12, 'Seed', now()),
  ('prd-fathering-excellence', 'fr', 13, '{"stmt":"A crisis disclosure in free text routes to a trained human within one hour, pauses all gamification and nudges for that member, and surfaces professional resources, never punitively and never as automated therapy.","fit":"A seeded disclosure triggers routing within one hour and a gamification pause. Test and Drill.","pri":"Must","comp":"Community"}'::jsonb, 13, 'Seed', now()),
  ('prd-fathering-excellence', 'fr', 14, '{"stmt":"Voice mode delivers the assessment eyes-free with streaming speech, grounded clarification from the curated corpus only, and full tap parity with mid-item switching.","fit":"End-of-speech to first audio under 1.5 s p90; semantic mapping at or above 95 percent; any member can switch to tap without loss. Test.","pri":"Should","comp":"Voice Mode"}'::jsonb, 14, 'Seed', now()),
  ('prd-fathering-excellence', 'fr', 15, '{"stmt":"The knowledge agent answers only from the vetted corpus with mandatory citations, files a content-gap ticket when coverage is missing, and lives behind the plan rather than as a front-door chatbot.","fit":"Zero uncited generative claims in the audit sample; out-of-corpus probes defer honestly. Test.","pri":"Should","comp":"Knowledge Agent"}'::jsonb, 15, 'Seed', now()),
  ('prd-fathering-excellence', 'nfr', 1, '{"stmt":"The assessment write path sustains modeled launch peak (about 420 writes per second) without blocking the UI.","fit":"A synthetic run at twice modeled peak (10,000 concurrent sessions) holds the save budget. Load test.","pri":"Must","comp":"Assessment Engine"}'::jsonb, 1, 'Seed', now()),
  ('prd-fathering-excellence', 'nfr', 2, '{"stmt":"The platform meets WCAG 2.1 AA and Section 508 globally, including keyboard paths, screen-reader labels on the 1-to-5 control, captions, and transcripts.","fit":"An accessibility audit passes AA on every launch surface. Inspection and Test.","pri":"Must","comp":"Assessment Engine"}'::jsonb, 2, 'Seed', now()),
  ('prd-fathering-excellence', 'nfr', 3, '{"stmt":"Console roles require MFA; staff access is least-privilege with break-glass audit; secrets live in a managed vault.","fit":"No console login without MFA; break-glass reads land in the audit log. Inspection and Test.","pri":"Must","comp":"Institutional Modes"}'::jsonb, 3, 'Seed', now()),
  ('prd-fathering-excellence', 'nfr', 4, '{"stmt":"Backup and disaster recovery meet RPO 1 hour and RTO 4 hours with a quarterly restore drill.","fit":"A restore drill meets the objectives. Test.","pri":"Must","comp":"ProofRail"}'::jsonb, 4, 'Seed', now()),
  ('prd-fathering-excellence', 'nfr', 5, '{"stmt":"The assessment path holds 99.9 percent availability during the launch wave.","fit":"Measured uptime on the assessment path meets the target. Test.","pri":"Should","comp":"Assessment Engine"}'::jsonb, 5, 'Seed', now()),
  ('prd-fathering-excellence', 'eval', 1, '{"dim":"Voice semantic mapping","metric":"Colloquial answer to 1-to-5 mapping accuracy against a human-labeled set, stratified by dialect","thresh":"at or above 95%; below 92% blocks that cohort","comp":"Voice Mode"}'::jsonb, 1, 'Seed', now()),
  ('prd-fathering-excellence', 'eval', 2, '{"dim":"Voice grounding guardrail","metric":"Share of clarification answers drawn only from the curated corpus; out-of-corpus deferral rate","thresh":"100% grounded; improvised interpretation is a hard fail","comp":"Voice Mode"}'::jsonb, 2, 'Seed', now()),
  ('prd-fathering-excellence', 'eval', 3, '{"dim":"Knowledge agent hallucination guardrail","metric":"Uncited generative claims in the audit sample","thresh":"zero uncited claims","comp":"Knowledge Agent"}'::jsonb, 3, 'Seed', now()),
  ('prd-fathering-excellence', 'eval', 4, '{"dim":"Knowledge agent gap handling","metric":"Out-of-corpus probes that defer honestly and file a gap ticket","thresh":"at or above 99%","comp":"Knowledge Agent"}'::jsonb, 4, 'Seed', now()),
  ('prd-fathering-excellence', 'data_entities', 1, '{"entity":"Users (father accounts)","sens":"Personal, no sensitive-category fields"}'::jsonb, 1, 'Seed', now()),
  ('prd-fathering-excellence', 'data_entities', 2, '{"entity":"Children records (life-stage and birth-year band only)","sens":"Minimized; no minor PII"}'::jsonb, 2, 'Seed', now()),
  ('prd-fathering-excellence', 'data_entities', 3, '{"entity":"Assessment responses and scores","sens":"Personal and sensitive; strictest RLS"}'::jsonb, 3, 'Seed', now()),
  ('prd-fathering-excellence', 'data_entities', 4, '{"entity":"Consents (research, comparison, marketing)","sens":"Personal; separate revocable records"}'::jsonb, 4, 'Seed', now()),
  ('prd-fathering-excellence', 'data_entities', 5, '{"entity":"Certificates and verification records","sens":"Personal; public verify exposes initials and compliance only"}'::jsonb, 5, 'Seed', now()),
  ('prd-fathering-excellence', 'data_entities', 6, '{"entity":"Crisis and moderation cases","sens":"Sensitive; trained-human access only"}'::jsonb, 6, 'Seed', now()),
  ('prd-fathering-excellence', 'interfaces', 1, '{"iface":"Identity (SSO)","req":"SAML and OIDC with SCIM for employer seat provisioning","fit":"Employer members claim seats via SSO; the aggregate wall applies from the first screen.","comp":"Institutional Modes"}'::jsonb, 1, 'Seed', now()),
  ('prd-fathering-excellence', 'interfaces', 2, '{"iface":"Payments","req":"Subscription billing, course and store checkout, marketplace payouts, tax","fit":"Membership, courses, store, and leader payouts transact through the processor.","comp":"Community"}'::jsonb, 2, 'Seed', now()),
  ('prd-fathering-excellence', 'interfaces', 3, '{"iface":"Media platform","req":"On-demand module delivery and embedded third-party livestreams at launch","fit":"The app never proxies video bytes. Inspection.","comp":"Community"}'::jsonb, 3, 'Seed', now()),
  ('prd-fathering-excellence', 'interfaces', 4, '{"iface":"ProofRail verification service","req":"Signing, timestamping, transparency log, revocation, public verify endpoint","fit":"Certificates verify independently of the platform. Test.","comp":"ProofRail"}'::jsonb, 4, 'Seed', now()),
  ('prd-fathering-excellence', 'interfaces', 5, '{"iface":"Court verification","req":"Public code and QR verification returning course, seat-time compliance, and issue date only","fit":"A coordinator verifies with no account and no member data beyond the certificate.","comp":"Institutional Modes"}'::jsonb, 5, 'Seed', now()),
  ('prd-fathering-excellence', 'people', 1, '{"name":"Micah Canfield","role":"Owner; decision authority on instrument, pricing, naming, partners"}'::jsonb, 1, 'Seed', now()),
  ('prd-fathering-excellence', 'people', 2, '{"name":"Tim Harris","role":"Product Manager; phase gatekeeper and scope discipline"}'::jsonb, 2, 'Seed', now()),
  ('prd-fathering-excellence', 'people', 3, '{"name":"Alon Arad","role":"CTO; architecture, ProofRail, security posture"}'::jsonb, 3, 'Seed', now()),
  ('prd-fathering-excellence', 'people', 4, '{"name":"Erik Companhone","role":"SWE lead; assessment engine, plan engine, consoles"}'::jsonb, 4, 'Seed', now()),
  ('prd-fathering-excellence', 'people', 5, '{"name":"Huy Tran","role":"SWE; community, engagement, events, commerce"}'::jsonb, 5, 'Seed', now()),
  ('prd-fathering-excellence', 'people', 6, '{"name":"Andy Lan","role":"SWE; data model, analytics spine, institutional modes"}'::jsonb, 6, 'Seed', now()),
  ('prd-fathering-excellence', 'glossary', 1, '{"term":"WAFA","def":"Weekly Active Fathering Actions; the mission North Star."}'::jsonb, 1, 'Seed', now()),
  ('prd-fathering-excellence', 'glossary', 2, '{"term":"Verified Completion","def":"A ProofRail-signed record of a completed assessment, Expedition, or course."}'::jsonb, 2, 'Seed', now()),
  ('prd-fathering-excellence', 'glossary', 3, '{"term":"Crew","def":"The 5-to-8-man small group; the retention unit."}'::jsonb, 3, 'Seed', now()),
  ('prd-fathering-excellence', 'glossary', 4, '{"term":"Anchor","def":"The paired accountability man inside a Crew."}'::jsonb, 4, 'Seed', now()),
  ('prd-fathering-excellence', 'glossary', 5, '{"term":"Expedition","def":"A fixed-length cohort challenge with daily actions."}'::jsonb, 5, 'Seed', now()),
  ('prd-fathering-excellence', 'glossary', 6, '{"term":"The Rhythm","def":"The weekly logged intentional fathering action."}'::jsonb, 6, 'Seed', now()),
  ('prd-fathering-excellence', 'glossary', 7, '{"term":"Waypoints","def":"The verified-behavior rank ladder."}'::jsonb, 7, 'Seed', now()),
  ('prd-fathering-excellence', 'glossary', 8, '{"term":"ProofRail","def":"The signing, timestamping, and verification service."}'::jsonb, 8, 'Seed', now()),
  ('prd-fathering-excellence', 'glossary', 9, '{"term":"Mars rule","def":"Proof must verify even if the platform is offline."}'::jsonb, 9, 'Seed', now()),
  ('prd-reqpub-platform', 'ov_goals', 1, '{"text":"Let a full team edit one requirements document at once with zero lost writes."}'::jsonb, 1, 'Seed', now()),
  ('prd-reqpub-platform', 'ov_goals', 2, '{"text":"Make every version numbered, every approval named, and every export self-documenting."}'::jsonb, 2, 'Seed', now()),
  ('prd-reqpub-platform', 'ov_goals', 3, '{"text":"Let external SMEs and partners review and approve from a link with no account."}'::jsonb, 3, 'Seed', now()),
  ('prd-reqpub-platform', 'ov_goals', 4, '{"text":"Reach SOC 2 Type II certification before the first enterprise contract renewal."}'::jsonb, 4, 'Seed', now()),
  ('prd-reqpub-platform', 'ov_goals', 5, '{"text":"Execute sign-off by e-signature, cryptographically sealed to the exact baseline signed."}'::jsonb, 5, 'Seed', now()),
  ('prd-reqpub-platform', 'sol_in', 1, '{"text":"Relational requirements model with permanent requirement IDs and per-field revisions."}'::jsonb, 1, 'Seed', now()),
  ('prd-reqpub-platform', 'sol_in', 2, '{"text":"Live multiplayer editing with presence, per-field conflict detection, and durable retried saves."}'::jsonb, 2, 'Seed', now()),
  ('prd-reqpub-platform', 'sol_in', 3, '{"text":"Immutable, server-numbered version baselines with a change diff by requirement ID."}'::jsonb, 3, 'Seed', now()),
  ('prd-reqpub-platform', 'sol_in', 4, '{"text":"A real approval state machine with named, server-stamped sign-off and a gate on Approved."}'::jsonb, 4, 'Seed', now()),
  ('prd-reqpub-platform', 'sol_in', 5, '{"text":"Section-scoped, brand-carrying sharing: SME review links, partner portal, and read-only presentation links."}'::jsonb, 5, 'Seed', now()),
  ('prd-reqpub-platform', 'sol_in', 6, '{"text":"A designed, co-branded PDF and Word export carrying version, status, approvals, and history."}'::jsonb, 6, 'Seed', now()),
  ('prd-reqpub-platform', 'sol_in', 7, '{"text":"Validated template starts, record-health signals, one-click promotion from discovery, and a fingerprinted client baseline report."}'::jsonb, 7, 'Seed', now()),
  ('prd-reqpub-platform', 'sol_in', 8, '{"text":"An append-only audit trail written by the database."}'::jsonb, 8, 'Seed', now()),
  ('prd-reqpub-platform', 'sol_out', 1, '{"text":"No per-seat pricing model in the product; pricing is per project."}'::jsonb, 1, 'Seed', now()),
  ('prd-reqpub-platform', 'sol_out', 2, '{"text":"No AI authoring of requirements; the platform structures human judgment, it does not replace it."}'::jsonb, 2, 'Seed', now()),
  ('prd-reqpub-platform', 'sol_out', 3, '{"text":"No public claims of SOC 2 or e-signature until each ships and is verified."}'::jsonb, 3, 'Seed', now()),
  ('prd-reqpub-platform', 'assume', 1, '{"text":"Supabase (Postgres, Auth, RLS, Realtime, Storage, Edge Functions) is the backend of record."}'::jsonb, 1, 'Seed', now()),
  ('prd-reqpub-platform', 'assume', 2, '{"text":"The internal team is trusted staff; external parties are untrusted by default."}'::jsonb, 2, 'Seed', now()),
  ('prd-reqpub-platform', 'assume', 3, '{"text":"Managed e-signature and timestamping services exist for the next phase rather than being built in-house."}'::jsonb, 3, 'Seed', now()),
  ('prd-reqpub-platform', 'depend', 1, '{"text":"Supabase project with row-level security and the rev-checked RPC layer."}'::jsonb, 1, 'Seed', now()),
  ('prd-reqpub-platform', 'depend', 2, '{"text":"GitHub Pages hosting for the static frontend."}'::jsonb, 2, 'Seed', now()),
  ('prd-reqpub-platform', 'depend', 3, '{"text":"A managed e-signature provider and an RFC 3161 timestamp authority for the sealing phase."}'::jsonb, 3, 'Seed', now()),
  ('prd-reqpub-platform', 'depend', 4, '{"text":"An independent auditor for the SOC 2 Type II examination."}'::jsonb, 4, 'Seed', now()),
  ('prd-reqpub-platform', 'constrain', 1, '{"text":"Static frontend, no build step; ES modules and one CDN dependency only."}'::jsonb, 1, 'Seed', now()),
  ('prd-reqpub-platform', 'constrain', 2, '{"text":"Content Security Policy with no inline scripts."}'::jsonb, 2, 'Seed', now()),
  ('prd-reqpub-platform', 'constrain', 3, '{"text":"All racy writes flow through server-side rev-checked RPCs; no direct client writes to worksheet tables."}'::jsonb, 3, 'Seed', now()),
  ('prd-reqpub-platform', 'constrain', 4, '{"text":"Every change ships with regression tests; the suite stays green."}'::jsonb, 4, 'Seed', now()),
  ('prd-reqpub-platform', 'ctrl_approvers', 1, '{"role":"Owner","name":"Micah Canfield"}'::jsonb, 1, 'Seed', now()),
  ('prd-reqpub-platform', 'ctrl_approvers', 2, '{"role":"Engineering","name":"to confirm"}'::jsonb, 2, 'Seed', now()),
  ('prd-reqpub-platform', 'ctrl_approvers', 3, '{"role":"Security / Compliance","name":"to confirm"}'::jsonb, 3, 'Seed', now()),
  ('prd-reqpub-platform', 'seg', 1, '{"segment":"Internal engagement teams","share":"Primary","desc":"Author and own the requirements record; answer to a client."}'::jsonb, 1, 'Seed', now()),
  ('prd-reqpub-platform', 'seg', 2, '{"segment":"Subject-matter experts","share":"External","desc":"Review and approve from a link with no account."}'::jsonb, 2, 'Seed', now()),
  ('prd-reqpub-platform', 'seg', 3, '{"segment":"Partners","share":"External","desc":"Manage SMEs on the client side and relay requests through a portal."}'::jsonb, 3, 'Seed', now()),
  ('prd-reqpub-platform', 'persona', 1, '{"persona":"The engagement lead","needs":"A record that answers with them: numbered baselines, named approvals, defensible change history."}'::jsonb, 1, 'Seed', now()),
  ('prd-reqpub-platform', 'persona', 2, '{"persona":"The subject-matter expert","needs":"To weigh in once, on the record, from a link, without new software."}'::jsonb, 2, 'Seed', now()),
  ('prd-reqpub-platform', 'persona', 3, '{"persona":"The downstream builder","needs":"Approved, testable requirements with fit criteria and permanent IDs."}'::jsonb, 3, 'Seed', now()),
  ('prd-reqpub-platform', 'persona', 4, '{"persona":"The procurement reviewer","needs":"Isolated data, role-based access, an append-only audit log, and exportable records."}'::jsonb, 4, 'Seed', now()),
  ('prd-reqpub-platform', 'release', 1, '{"rel":"Phase 1 Relational core (shipped)","obj":"Rebuild from key-value to relational: rev-checked fields, insert-based rows, server-numbered versions, migration.","mvp":"shipped","ship":"shipped"}'::jsonb, 1, 'Seed', now()),
  ('prd-reqpub-platform', 'release', 2, '{"rel":"Phase 2 Live collaboration (shipped)","obj":"Presence, per-field conflict resolution, durable retried saves, live document follow, presentation mode.","mvp":"shipped","ship":"shipped"}'::jsonb, 2, 'Seed', now()),
  ('prd-reqpub-platform', 'release', 3, '{"rel":"Phase 3 Approvals & audit (shipped)","obj":"Approval state machine with named sign-off, append-only activity trail, provenance trigger.","mvp":"shipped","ship":"shipped"}'::jsonb, 3, 'Seed', now()),
  ('prd-reqpub-platform', 'release', 4, '{"rel":"Phase 4 Sharing & brand (shipped)","obj":"Section-scoped SME links, partner portal, per-PRD brand logo, designed co-branded PDF, read-only presentation link.","mvp":"shipped","ship":"shipped"}'::jsonb, 4, 'Seed', now()),
  ('prd-reqpub-platform', 'release', 5, '{"rel":"Phase 5 Record health & client deliverable (shipped)","obj":"Validated template starts, baseline-readiness signals, one-click promotion from discovery with source attribution, fingerprinted client baseline report.","mvp":"shipped","ship":"shipped"}'::jsonb, 5, 'Seed', now()),
  ('prd-reqpub-platform', 'release', 6, '{"rel":"Phase 6 SOC 2 Type II (next)","obj":"Controls, evidence collection, and an independent Type II examination.","mvp":"to confirm","ship":"to confirm"}'::jsonb, 6, 'Seed', now()),
  ('prd-reqpub-platform', 'release', 7, '{"rel":"Phase 7 E-signature & sealing (next)","obj":"Execute sign-off by e-signature and cryptographically seal each export to the exact baseline signed.","mvp":"to confirm","ship":"to confirm"}'::jsonb, 7, 'Seed', now()),
  ('prd-reqpub-platform', 'components', 1, '{"name":"Relational core","owner":"Engineering","status":"Shipped","desc":"Projects, fields, rows, versions; rev-checked RPCs; RLS; kv migration."}'::jsonb, 1, 'Seed', now()),
  ('prd-reqpub-platform', 'components', 2, '{"name":"Live collaboration","owner":"Engineering","status":"Shipped","desc":"Presence, conflict resolution, durable saves, live doc follow, presentation mode."}'::jsonb, 2, 'Seed', now()),
  ('prd-reqpub-platform', 'components', 3, '{"name":"Approvals & audit","owner":"Engineering","status":"Shipped","desc":"Approval state machine, named sign-off, append-only activity trail."}'::jsonb, 3, 'Seed', now()),
  ('prd-reqpub-platform', 'components', 4, '{"name":"Sharing & brand","owner":"Engineering","status":"Shipped","desc":"Section-scoped links, partner portal, brand logo, designed PDF, presentation link."}'::jsonb, 4, 'Seed', now()),
  ('prd-reqpub-platform', 'components', 5, '{"name":"Record health & deliverables","owner":"Engineering","status":"Shipped","desc":"Template starts, readiness signals, discovery promotion with attribution, fingerprinted client baseline report."}'::jsonb, 5, 'Seed', now()),
  ('prd-reqpub-platform', 'components', 6, '{"name":"SOC 2 compliance","owner":"Security / Compliance","status":"Planned","desc":"Control set, evidence automation, independent Type II examination."}'::jsonb, 6, 'Seed', now()),
  ('prd-reqpub-platform', 'components', 7, '{"name":"E-signature & sealing","owner":"Engineering","status":"Planned","desc":"E-signature execution and cryptographic sealing of exports to their baseline."}'::jsonb, 7, 'Seed', now()),
  ('prd-reqpub-platform', 'metrics', 1, '{"metric":"Concurrent editors without lost writes","target":"9 or more","method":"Multi-writer concurrency simulation against the rev-checked RPCs."}'::jsonb, 1, 'Seed', now()),
  ('prd-reqpub-platform', 'metrics', 2, '{"metric":"Save durability","target":"100% confirmed or visibly failed","method":"Every write awaited, retried on transient failure, surfaced in the save indicator."}'::jsonb, 2, 'Seed', now()),
  ('prd-reqpub-platform', 'metrics', 3, '{"metric":"Approval integrity","target":"no Approved while a sign-off is pending","method":"Backend check on the version status state machine."}'::jsonb, 3, 'Seed', now()),
  ('prd-reqpub-platform', 'metrics', 4, '{"metric":"Share scoping","target":"zero internal fields in any external payload","method":"Payload-build tests asserting fit criteria never appear."}'::jsonb, 4, 'Seed', now()),
  ('prd-reqpub-platform', 'metrics', 5, '{"metric":"Backend regression suite","target":"231 checks green on every change","method":"Embedded-Postgres end-to-end run in CI."}'::jsonb, 5, 'Seed', now()),
  ('prd-reqpub-platform', 'metrics', 6, '{"metric":"SOC 2 Type II","target":"certified (next phase)","method":"Independent auditor report; published only when live."}'::jsonb, 6, 'Seed', now()),
  ('prd-reqpub-platform', 'metrics', 7, '{"metric":"Sealed sign-off","target":"export verifies to its exact baseline (next phase)","method":"Cryptographic verification independent of the platform."}'::jsonb, 7, 'Seed', now()),
  ('prd-reqpub-platform', 'fr', 1, '{"stmt":"The platform stores every shared collection as rows so two people adding requirements at the same moment both persist with distinct permanent IDs.","fit":"Nine simultaneous adds yield nine rows with unique requirement IDs. Test.","pri":"Must","comp":"Relational core"}'::jsonb, 1, 'Seed', now()),
  ('prd-reqpub-platform', 'fr', 2, '{"stmt":"Every scalar field carries a revision; a save based on a stale revision is detected and resolved by name rather than silently overwriting.","fit":"A stale write returns the current value and author; the loser is never destroyed silently. Test.","pri":"Must","comp":"Relational core"}'::jsonb, 2, 'Seed', now()),
  ('prd-reqpub-platform', 'fr', 3, '{"stmt":"Version numbers are allocated server-side under a lock, and each baseline is an immutable snapshot with a change diff by requirement ID.","fit":"Two managers generating at once produce distinct version numbers; diffs list added, modified, and removed by ID. Test.","pri":"Must","comp":"Relational core"}'::jsonb, 3, 'Seed', now()),
  ('prd-reqpub-platform', 'fr', 4, '{"stmt":"Live presence shows who is editing which field, edits stream into the rendered document as they are typed, and every save is confirmed, retried on transient failure, or shown as failed.","fit":"Two editors see each other’s presence and edits; a dropped network retries without loss. Demonstration and Test.","pri":"Must","comp":"Live collaboration"}'::jsonb, 4, 'Seed', now()),
  ('prd-reqpub-platform', 'fr', 5, '{"stmt":"Approvals are a state machine (Draft, In review, Approved, Changes requested) with named approvers, and a version cannot read Approved while any approver is pending.","fit":"Attempting to approve with a pending approver is refused; sign-off is stamped from the signed-in user. Test.","pri":"Must","comp":"Approvals & audit"}'::jsonb, 5, 'Seed', now()),
  ('prd-reqpub-platform', 'fr', 6, '{"stmt":"An append-only audit trail records every version, status change, approval decision, build-tag change, and inbound submission with a name and timestamp, unmodifiable from the app; edit attribution is server-stamped on every field and row, and baselines are immutable snapshots.","fit":"The activity log and the versions table refuse direct writes through the application role. Inspection and Test.","pri":"Must","comp":"Approvals & audit"}'::jsonb, 6, 'Seed', now()),
  ('prd-reqpub-platform', 'fr', 7, '{"stmt":"Sharing is section-scoped and brand-carrying: SME review links, a partner portal, and read-only presentation links, each showing only the sections the team selected and the assigned collaborator logo, never internal fields.","fit":"An unselected section is absent from the share payload; fit criteria never appear. Test.","pri":"Must","comp":"Sharing & brand"}'::jsonb, 7, 'Seed', now()),
  ('prd-reqpub-platform', 'fr', 8, '{"stmt":"Exports to PDF and Word carry a designed, co-branded cover with version, status, approval history, and revision record.","fit":"A printed and a Word export both carry the cover metadata and the assigned logo. Demonstration.","pri":"Must","comp":"Sharing & brand"}'::jsonb, 8, 'Seed', now()),
  ('prd-reqpub-platform', 'fr', 9, '{"stmt":"A read-only presentation link renders the branded record with no review form and no account, pointing at a specific published version so what a recipient opens is fixed.","fit":"Any role can copy a link that opens the record read-only; it cannot be edited. Test.","pri":"Must","comp":"Sharing & brand"}'::jsonb, 9, 'Seed', now()),
  ('prd-reqpub-platform', 'fr', 10, '{"stmt":"A new project can start from a validated template - product requirements, consulting engagement charter, or baseline assessment - whose fields load through the same rev-checked RPCs as live editing.","fit":"Every template validates against the question bank, assembles into a well-formed document through the real builders, and applies scalars before rows in authored order. Test.","pri":"Must","comp":"Record health & deliverables"}'::jsonb, 10, 'Seed', now()),
  ('prd-reqpub-platform', 'fr', 11, '{"stmt":"The record surfaces its own readiness - Must requirements without a fit criterion, missing AI evaluation where AI is declared, safeguarding gaps, unowned components, untagged requirements, an approved version with no published brief, unresolved placeholders - and its accumulation: promoted inputs incorporated in the approved baseline, and the last client-visible change.","fit":"Each signal is a deterministic predicate over the record; accumulation counts derive only from the latest approved snapshot. Test.","pri":"Must","comp":"Record health & deliverables"}'::jsonb, 11, 'Seed', now()),
  ('prd-reqpub-platform', 'fr', 12, '{"stmt":"Discovery entries and inbox submissions promote in one click into numbered requirements or decisions, each back-linked to its source, and the next version note attributes additions to their origin.","fit":"A promoted entry carries its FR-/DEC- id under the existing manager-only policy, and the generated change note names the source. Test.","pri":"Must","comp":"Record health & deliverables"}'::jsonb, 12, 'Seed', now()),
  ('prd-reqpub-platform', 'fr', 13, '{"stmt":"A client baseline report composes the executive summary, exactly the client-safe brief content, and the revision record behind a cover carrying a SHA-256 fingerprint of the exact baseline, with the recipe restated on the document.","fit":"The fingerprint recomputes identically from the stored snapshot, changes if any byte changes, and the report never carries fit criteria or internal fields. Test.","pri":"Must","comp":"Record health & deliverables"}'::jsonb, 13, 'Seed', now()),
  ('prd-reqpub-platform', 'fr', 14, '{"stmt":"When a consulting engagement declares AI, acceptance criteria enter the charter as a numbered section with contiguous renumbering, and can be deliberately shared in a brief as dimension, metric, and threshold - while functional-requirement fit criteria remain internal absolutely.","fit":"An engagement with AI assembles a contiguous 1..9 charter with acceptance as section 3; a default brief never carries thresholds; an opted-in brief carries dimension, metric, and threshold only. Test.","pri":"Must","comp":"Sharing & brand"}'::jsonb, 14, 'Seed', now()),
  ('prd-reqpub-platform', 'fr', 15, '{"stmt":"The Changes view renders, for every modified requirement, the exact columns that changed with their prior and current text, so a version diff is evidence rather than a changelog.","fit":"Per-column before and after is reported for FR, NFR, EVAL, and IR rows; bookkeeping keys never report as changes. Test.","pri":"Must","comp":"Record health & deliverables"}'::jsonb, 15, 'Seed', now()),
  ('prd-reqpub-platform', 'fr', 16, '{"stmt":"A printed baseline carries the baseline''s own date and, when approved, the date of the last sign-off; the print date is footer metadata, so two prints of one approved version read the same.","fit":"Cover dates come from the version record and its approval decisions, not from the clock. Inspection.","pri":"Must","comp":"Sharing & brand"}'::jsonb, 16, 'Seed', now()),
  ('prd-reqpub-platform', 'fr', 17, '{"stmt":"One click on a stored baseline produces the implementation package for the build team: requirements.json with permanent ids, statements, fit criteria, priority, component, promotion source, and attested recorder; acceptance.md as a testable checklist; CHANGES.md with per-column before-and-after against the prior baseline; the full document; and a README carrying the same SHA-256 fingerprint as the client baseline report - in a dependency-free, deterministic archive.","fit":"The five files build purely from the stored snapshot, and the archive round-trips through an independent reader with recomputed CRC-32s and byte-identical output per baseline. Test.","pri":"Must","comp":"Record health & deliverables"}'::jsonb, 17, 'Seed', now()),
  ('prd-reqpub-platform', 'fr', 18, '{"stmt":"A project opens on Record health once it has a baseline and on the document before one exists, and every workspace tab carries an ambient gaps count linking to Health.","fit":"The landing rule is a pure function under test; the pill shows the deterministic signal count and is absent at zero. Test and Inspection.","pri":"Must","comp":"Record health & deliverables"}'::jsonb, 18, 'Seed', now()),
  ('prd-reqpub-platform', 'fr', 19, '{"stmt":"The client baseline report carries a Record of engagement: versions, named sign-offs, and the client''s own inputs incorporated in this baseline, listed by permanent id and source. Counts only, every number pointing at rows; statements stay behind the share-scoping boundary.","fit":"The block renders only when provided, lists ids with their sources, and caps at twelve with a remainder count. Test.","pri":"Must","comp":"Sharing & brand"}'::jsonb, 19, 'Seed', now()),
  ('prd-reqpub-platform', 'fr', 20, '{"stmt":"The platform earns SOC 2 Type II certification covering security, availability, and confidentiality.","fit":"An independent auditor issues a Type II report; the claim is published only once the report is in hand. Independent audit.","pri":"Should","comp":"SOC 2 compliance"}'::jsonb, 20, 'Seed', now()),
  ('prd-reqpub-platform', 'fr', 21, '{"stmt":"The platform executes sign-off by e-signature bound to the identity of the approver.","fit":"An approver signs a version and the signature records identity, intent, and timestamp on the record. Test.","pri":"Should","comp":"E-signature & sealing"}'::jsonb, 21, 'Seed', now()),
  ('prd-reqpub-platform', 'fr', 22, '{"stmt":"Each export is cryptographically sealed to the exact baseline signed, so a sealed document verifies independently even if ReqPub is offline.","fit":"A sealed export verifies against its baseline hash without the platform; tampering fails verification. Test.","pri":"Should","comp":"E-signature & sealing"}'::jsonb, 22, 'Seed', now()),
  ('prd-reqpub-platform', 'nfr', 1, '{"stmt":"Racy writes flow only through server-side rev-checked RPCs; direct client writes to worksheet tables are revoked.","fit":"The authenticated role cannot write project_fields or field_rows directly. Test.","pri":"Must","comp":"Relational core"}'::jsonb, 1, 'Seed', now()),
  ('prd-reqpub-platform', 'nfr', 2, '{"stmt":"Row-level security scopes every table to the organization, with the strictest policy on approvals and the audit trail.","fit":"A rival-org user reads and writes nothing; approval provenance cannot be forged. Test.","pri":"Must","comp":"Approvals & audit"}'::jsonb, 2, 'Seed', now()),
  ('prd-reqpub-platform', 'nfr', 3, '{"stmt":"The frontend ships a Content Security Policy with no inline scripts and escapes every interpolation.","fit":"A security review finds no script-injection vector. Inspection.","pri":"Must","comp":"Live collaboration"}'::jsonb, 3, 'Seed', now()),
  ('prd-reqpub-platform', 'nfr', 4, '{"stmt":"Every change ships with regression tests and the suite stays green (143 unit, 231 backend checks).","fit":"CI runs both suites on every push. Test.","pri":"Must","comp":"Relational core"}'::jsonb, 4, 'Seed', now()),
  ('prd-reqpub-platform', 'nfr', 5, '{"stmt":"Version baselines are immutable at the table: direct insert, update, and delete are revoked from the application role, and the build tag moves only through a manager-gated, size-capped, audit-logged definer function.","fit":"A project manager''s direct UPDATE to snapshot, status, label, or created_at is refused at the grant; version_set_build refuses non-managers and oversized tags and writes an activity row. Test.","pri":"Must","comp":"Approvals & audit"}'::jsonb, 5, 'Seed', now()),
  ('prd-reqpub-platform', 'nfr', 6, '{"stmt":"Anonymous endpoints are rate-limited and input is size-capped.","fit":"Flooding a share link is throttled; oversized input is rejected. Test.","pri":"Should","comp":"Sharing & brand"}'::jsonb, 6, 'Seed', now()),
  ('prd-reqpub-platform', 'interfaces', 1, '{"iface":"Supabase backend","req":"Postgres, Auth, RLS, Realtime, Storage, Edge Functions","fit":"All data and auth flow through the managed backend. Inspection.","comp":"Relational core"}'::jsonb, 1, 'Seed', now()),
  ('prd-reqpub-platform', 'interfaces', 2, '{"iface":"GitHub Pages","req":"Static hosting of the frontend at reqpub.com","fit":"The site deploys from the main branch. Inspection.","comp":"Live collaboration"}'::jsonb, 2, 'Seed', now()),
  ('prd-reqpub-platform', 'interfaces', 3, '{"iface":"E-signature provider","req":"Identity-bound signature execution with audit metadata (next phase)","fit":"A sign-off records signer identity, intent, and timestamp. Test.","comp":"E-signature & sealing"}'::jsonb, 3, 'Seed', now()),
  ('prd-reqpub-platform', 'interfaces', 4, '{"iface":"Timestamp authority","req":"RFC 3161 timestamping for sealed exports (next phase)","fit":"A sealed export carries a trusted timestamp. Test.","comp":"E-signature & sealing"}'::jsonb, 4, 'Seed', now()),
  ('prd-reqpub-platform', 'people', 1, '{"name":"Micah Canfield","role":"Owner; product direction and approvals"}'::jsonb, 1, 'Seed', now()),
  ('prd-reqpub-platform', 'people', 2, '{"name":"Collection Ventures team","role":"Nine-person team stress-testing the platform as managers, viewers, partners, and SME reviewers"}'::jsonb, 2, 'Seed', now()),
  ('prd-reqpub-platform', 'glossary', 1, '{"term":"Baseline","def":"An immutable, numbered snapshot of the requirements at a point in time."}'::jsonb, 1, 'Seed', now()),
  ('prd-reqpub-platform', 'glossary', 2, '{"term":"Rev-checked save","def":"A write accepted only if it is based on the current revision of a field."}'::jsonb, 2, 'Seed', now()),
  ('prd-reqpub-platform', 'glossary', 3, '{"term":"Section-scoped share","def":"A published brief containing only the sections the team selected."}'::jsonb, 3, 'Seed', now()),
  ('prd-reqpub-platform', 'glossary', 4, '{"term":"Presentation link","def":"A fixed, read-only, branded view of a published version."}'::jsonb, 4, 'Seed', now()),
  ('prd-reqpub-platform', 'glossary', 5, '{"term":"Fingerprint","def":"SHA-256 over the canonical JSON of {label, seq, snapshot} for a version; identifies the exact baseline an export was produced from. Not a signature or timestamp."}'::jsonb, 5, 'Seed', now()),
  ('prd-reqpub-platform', 'glossary', 6, '{"term":"Readiness signal","def":"A deterministic gap computed from the record itself, such as a Must requirement without a fit criterion. Derived, never stored."}'::jsonb, 6, 'Seed', now()),
  ('prd-reqpub-platform', 'glossary', 7, '{"term":"Recorded by","def":"The server-stamped identity of whoever last wrote a row - an attestation beside free-text claims like a decision''s owner."}'::jsonb, 7, 'Seed', now()),
  ('prd-reqpub-platform', 'glossary', 8, '{"term":"Sealed export","def":"An export cryptographically bound to the exact baseline signed (next phase)."}'::jsonb, 8, 'Seed', now()),
  ('prd-reqpub-platform', 'glossary', 9, '{"term":"SOC 2 Type II","def":"An independent examination of security controls over a period (next phase)."}'::jsonb, 9, 'Seed', now()),
  ('prd-esign-api', 'ov_goals', 1, '{"text":"Execute a signature from envelope to sealed bundle through the API with no human step beyond the signer."}'::jsonb, 1, 'Seed', now()),
  ('prd-esign-api', 'ov_goals', 2, '{"text":"Make every completed bundle verify independently of the service, with zero false-valids."}'::jsonb, 2, 'Seed', now()),
  ('prd-esign-api', 'ov_goals', 3, '{"text":"Offer a chosen assurance level per envelope, from basic click-to-sign to identity-verified signing."}'::jsonb, 3, 'Seed', now()),
  ('prd-esign-api', 'ov_goals', 4, '{"text":"Record an unbroken, hash-chained ledger of every envelope event, tamper-evident on verify."}'::jsonb, 4, 'Seed', now()),
  ('prd-esign-api', 'ov_goals', 5, '{"text":"Ship as ReqPub’s sign-off execution layer first, then as a standalone embeddable API."}'::jsonb, 5, 'Seed', now()),
  ('prd-esign-api', 'sol_in', 1, '{"text":"Envelope lifecycle: create from an uploaded document or with a file in one call, add recipients and fields, send, and track status to completion."}'::jsonb, 1, 'Seed', now()),
  ('prd-esign-api', 'sol_in', 2, '{"text":"Recipients with roles (signer, approver, viewer) and a routing order; fields placed by type and page coordinate."}'::jsonb, 2, 'Seed', now()),
  ('prd-esign-api', 'sol_in', 3, '{"text":"Signing ceremony: show the document and consent, capture a signature by draw, type, or click, or record a decline with a reason."}'::jsonb, 3, 'Seed', now()),
  ('prd-esign-api', 'sol_in', 4, '{"text":"A self-sign path for an issuer signing their own document in a single call."}'::jsonb, 4, 'Seed', now()),
  ('prd-esign-api', 'sol_in', 5, '{"text":"Assurance levels selectable per envelope, from basic to identity-verified."}'::jsonb, 5, 'Seed', now()),
  ('prd-esign-api', 'sol_in', 6, '{"text":"A hash-chained, append-only ledger and audit-event stream per envelope."}'::jsonb, 6, 'Seed', now()),
  ('prd-esign-api', 'sol_in', 7, '{"text":"A sealed, RFC 3161-timestamped completion bundle and a public verify endpoint that validates it offline."}'::jsonb, 7, 'Seed', now()),
  ('prd-esign-api', 'sol_out', 1, '{"text":"No AI: the service executes and seals signatures, it does not interpret documents."}'::jsonb, 1, 'Seed', now()),
  ('prd-esign-api', 'sol_out', 2, '{"text":"No in-house certificate authority or timestamp authority; both are delegated to accredited providers."}'::jsonb, 2, 'Seed', now()),
  ('prd-esign-api', 'sol_out', 3, '{"text":"No document editor; documents arrive as finished PDFs and fields are placed by coordinate."}'::jsonb, 3, 'Seed', now()),
  ('prd-esign-api', 'sol_out', 4, '{"text":"No open recipient accounts; recipients act through scoped, expiring signing tokens."}'::jsonb, 4, 'Seed', now()),
  ('prd-esign-api', 'sol_out', 5, '{"text":"No storage of raw government-ID images beyond the identity step that requires them."}'::jsonb, 5, 'Seed', now()),
  ('prd-esign-api', 'sol_out', 6, '{"text":"No claim of qualified (QES) status until the identity and certificate chain is independently accredited."}'::jsonb, 6, 'Seed', now()),
  ('prd-esign-api', 'assume', 1, '{"text":"Documents are provided as PDFs and field coordinates are supplied by the issuer or by ReqPub."}'::jsonb, 1, 'Seed', now()),
  ('prd-esign-api', 'assume', 2, '{"text":"An accredited RFC 3161 timestamp authority and, for higher assurance, an identity or KYC provider are available as managed services."}'::jsonb, 2, 'Seed', now()),
  ('prd-esign-api', 'assume', 3, '{"text":"ReqPub is the first integrator and drives the initial envelope and field shapes."}'::jsonb, 3, 'Seed', now()),
  ('prd-esign-api', 'depend', 1, '{"text":"Managed Postgres backend with row-level security, storage, and edge functions."}'::jsonb, 1, 'Seed', now()),
  ('prd-esign-api', 'depend', 2, '{"text":"Object storage for documents and sealed bundles, content-addressed by hash."}'::jsonb, 2, 'Seed', now()),
  ('prd-esign-api', 'depend', 3, '{"text":"An RFC 3161 timestamp authority for bundle sealing."}'::jsonb, 3, 'Seed', now()),
  ('prd-esign-api', 'depend', 4, '{"text":"An identity-verification provider for advanced and higher assurance levels."}'::jsonb, 4, 'Seed', now()),
  ('prd-esign-api', 'depend', 5, '{"text":"A delivery provider (email and SMS) for recipient notifications and signing links."}'::jsonb, 5, 'Seed', now()),
  ('prd-esign-api', 'constrain', 1, '{"text":"API-first: every capability is an OpenAPI-documented endpoint and the hosted signing page is a thin client of it."}'::jsonb, 1, 'Seed', now()),
  ('prd-esign-api', 'constrain', 2, '{"text":"The ledger is append-only and hash-chained; no endpoint edits or deletes a past event."}'::jsonb, 2, 'Seed', now()),
  ('prd-esign-api', 'constrain', 3, '{"text":"Verification depends only on the bundle, never on the live service (the offline rule)."}'::jsonb, 3, 'Seed', now()),
  ('prd-esign-api', 'constrain', 4, '{"text":"Every signer action binds to the exact document hash shown at signing."}'::jsonb, 4, 'Seed', now()),
  ('prd-esign-api', 'constrain', 5, '{"text":"Signing tokens are single-recipient, single-envelope, and expiring."}'::jsonb, 5, 'Seed', now()),
  ('prd-esign-api', 'ctrl_approvers', 1, '{"role":"Owner","name":"Micah Canfield"}'::jsonb, 1, 'Seed', now()),
  ('prd-esign-api', 'ctrl_approvers', 2, '{"role":"CTO / Architecture","name":"Alon Arad"}'::jsonb, 2, 'Seed', now()),
  ('prd-esign-api', 'ctrl_approvers', 3, '{"role":"Engineering lead","name":"Erik Companhone"}'::jsonb, 3, 'Seed', now()),
  ('prd-esign-api', 'ctrl_approvers', 4, '{"role":"Security / Compliance","name":"to confirm"}'::jsonb, 4, 'Seed', now()),
  ('prd-esign-api', 'seg', 1, '{"segment":"ReqPub sign-off","share":"First integrator","desc":"Executes and seals approval sign-off on a versioned baseline."}'::jsonb, 1, 'Seed', now()),
  ('prd-esign-api', 'seg', 2, '{"segment":"Compliance-heavy SaaS","share":"Primary","desc":"Embed signing where an independent audit trail is required."}'::jsonb, 2, 'Seed', now()),
  ('prd-esign-api', 'seg', 3, '{"segment":"Institutional workflows","share":"Funded","desc":"Courts, corrections, and employers needing a verifiable chain of custody."}'::jsonb, 3, 'Seed', now()),
  ('prd-esign-api', 'persona', 1, '{"persona":"The integrator (issuer)","needs":"A clean API to create an envelope, place fields, send, and get a sealed bundle back."}'::jsonb, 1, 'Seed', now()),
  ('prd-esign-api', 'persona', 2, '{"persona":"The signer","needs":"To see the document, consent, and sign by draw, type, or click from a link with no account."}'::jsonb, 2, 'Seed', now()),
  ('prd-esign-api', 'persona', 3, '{"persona":"The auditor","needs":"A bundle that verifies on its own, with an unbroken hash-chained ledger of every event."}'::jsonb, 3, 'Seed', now()),
  ('prd-esign-api', 'persona', 4, '{"persona":"The compliance owner","needs":"A chosen assurance level, recorded consent, and retention that satisfies the regulator."}'::jsonb, 4, 'Seed', now()),
  ('prd-esign-api', 'release', 1, '{"rel":"Phase 0 Foundation","obj":"Service skeleton, schema and RLS, storage, API keys, health, OpenAPI.","mvp":"to confirm","ship":"to confirm"}'::jsonb, 1, 'Seed', now()),
  ('prd-esign-api', 'release', 2, '{"rel":"Phase 1 Envelope & documents","obj":"Upload document, create envelope (and with-file), add recipients and fields, send.","mvp":"to confirm","ship":"to confirm"}'::jsonb, 2, 'Seed', now()),
  ('prd-esign-api', 'release', 3, '{"rel":"Phase 2 Signing ceremony","obj":"Consent, submit signature (draw/type/click), decline, status to completion, self-sign.","mvp":"to confirm","ship":"to confirm"}'::jsonb, 3, 'Seed', now()),
  ('prd-esign-api', 'release', 4, '{"rel":"Phase 3 Ledger & sealing","obj":"Hash-chained ledger, audit events, RFC 3161 sealed bundle, public verify.","mvp":"to confirm","ship":"to confirm"}'::jsonb, 4, 'Seed', now()),
  ('prd-esign-api', 'release', 5, '{"rel":"Phase 4 Assurance","obj":"Identity-verified signing and higher assurance levels; conformance verification set.","mvp":"to confirm","ship":"to confirm"}'::jsonb, 5, 'Seed', now()),
  ('prd-esign-api', 'components', 1, '{"name":"Envelope Service","owner":"Erik Companhone","status":"Planned","desc":"Envelope lifecycle and status machine (draft, sent, completed, declined, voided, expired)."}'::jsonb, 1, 'Seed', now()),
  ('prd-esign-api', 'components', 2, '{"name":"Document Store","owner":"Andy Lan","status":"Planned","desc":"PDF upload, content-addressed storage, field placement by page coordinate."}'::jsonb, 2, 'Seed', now()),
  ('prd-esign-api', 'components', 3, '{"name":"Recipients & Fields","owner":"Erik Companhone","status":"Planned","desc":"Recipient roles and routing order; typed fields placed per signer."}'::jsonb, 3, 'Seed', now()),
  ('prd-esign-api', 'components', 4, '{"name":"Signing Ceremony","owner":"Huy Tran","status":"Planned","desc":"Consent, signature capture (draw/type/click), decline, self-sign, scoped tokens."}'::jsonb, 4, 'Seed', now()),
  ('prd-esign-api', 'components', 5, '{"name":"Ledger & Audit","owner":"Alon Arad","status":"Planned","desc":"Append-only, hash-chained ledger and audit-event stream per envelope."}'::jsonb, 5, 'Seed', now()),
  ('prd-esign-api', 'components', 6, '{"name":"Sealing & Verify","owner":"Alon Arad","status":"Planned","desc":"RFC 3161 timestamped bundle and public offline verification."}'::jsonb, 6, 'Seed', now()),
  ('prd-esign-api', 'components', 7, '{"name":"Assurance & Identity","owner":"to confirm","status":"Planned","desc":"Assurance levels and identity verification for higher tiers."}'::jsonb, 7, 'Seed', now()),
  ('prd-esign-api', 'components', 8, '{"name":"API Platform","owner":"Erik Companhone","status":"Planned","desc":"API keys, rate limits, OpenAPI, hosted signing page, webhooks."}'::jsonb, 8, 'Seed', now()),
  ('prd-esign-api', 'metrics', 1, '{"metric":"Envelope completion rate","target":"measured per issuer","method":"Completed envelopes divided by sent, by integrator."}'::jsonb, 1, 'Seed', now()),
  ('prd-esign-api', 'metrics', 2, '{"metric":"Bundle verification correctness","target":"zero false-valids, zero false-invalids","method":"Conformance set of valid and tampered bundles run through verify."}'::jsonb, 2, 'Seed', now()),
  ('prd-esign-api', 'metrics', 3, '{"metric":"Seal integrity","target":"100% of completed bundles carry a valid RFC 3161 token","method":"Inspection of sealed bundles."}'::jsonb, 3, 'Seed', now()),
  ('prd-esign-api', 'metrics', 4, '{"metric":"Sign submit latency","target":"p95 under 500 ms","method":"Server-acknowledged timing on the sign submit path."}'::jsonb, 4, 'Seed', now()),
  ('prd-esign-api', 'metrics', 5, '{"metric":"Ledger continuity","target":"no broken hash chain in any envelope","method":"Chain check across all ledger events."}'::jsonb, 5, 'Seed', now()),
  ('prd-esign-api', 'metrics', 6, '{"metric":"Signing-path availability","target":"99.9%","method":"Measured uptime on the submit and verify endpoints."}'::jsonb, 6, 'Seed', now()),
  ('prd-esign-api', 'fr', 1, '{"stmt":"An issuer uploads a PDF document and the service stores it content-addressed by hash, returning a document reference.","fit":"An uploaded document is retrievable by reference and its stored hash matches the bytes. Test.","pri":"Must","comp":"Document Store"}'::jsonb, 1, 'Seed', now()),
  ('prd-esign-api', 'fr', 2, '{"stmt":"An issuer creates an envelope either from an already-uploaded document or by uploading a file in the same call.","fit":"Both the create-from-reference and create-with-file paths yield an envelope in draft. Test.","pri":"Must","comp":"Envelope Service"}'::jsonb, 2, 'Seed', now()),
  ('prd-esign-api', 'fr', 3, '{"stmt":"An issuer adds recipients to an envelope, each with a role (signer, approver, viewer) and a routing order.","fit":"Recipients persist with role and order; order governs when each is notified. Test.","pri":"Must","comp":"Recipients & Fields"}'::jsonb, 3, 'Seed', now()),
  ('prd-esign-api', 'fr', 4, '{"stmt":"An issuer places fields on a document, each with a type (signature, initials, date, text, checkbox) and a page and coordinate, assigned to a recipient.","fit":"Every field renders at its page coordinate for the assigned signer only. Test and Demonstration.","pri":"Must","comp":"Recipients & Fields"}'::jsonb, 4, 'Seed', now()),
  ('prd-esign-api', 'fr', 5, '{"stmt":"Sending an envelope transitions it to sent, notifies the first recipients by the chosen delivery method, and issues each a scoped, expiring signing token.","fit":"A sent envelope notifies recipients in routing order; each token opens only that recipient’s view. Test.","pri":"Must","comp":"Envelope Service"}'::jsonb, 5, 'Seed', now()),
  ('prd-esign-api', 'fr', 6, '{"stmt":"Before any signature, the signing ceremony shows the exact document and an explicit electronic-signature consent, and records the shown document hash.","fit":"No signature is accepted without a recorded consent bound to the shown document hash. Test.","pri":"Must","comp":"Signing Ceremony"}'::jsonb, 6, 'Seed', now()),
  ('prd-esign-api', 'fr', 7, '{"stmt":"A signer submits a signature captured by draw, type, or click, and the service records the method, the field, the signer, and a timestamp.","fit":"A submitted signature records its method and binds to the field and document hash. Test.","pri":"Must","comp":"Signing Ceremony"}'::jsonb, 7, 'Seed', now()),
  ('prd-esign-api', 'fr', 8, '{"stmt":"A recipient may decline to sign with a reason, and the decline is a recorded, first-class envelope outcome.","fit":"A decline transitions the envelope to declined and appends a ledger event with the reason. Test.","pri":"Must","comp":"Signing Ceremony"}'::jsonb, 8, 'Seed', now()),
  ('prd-esign-api', 'fr', 9, '{"stmt":"An issuer may self-sign their own document in a single call, producing a completed, sealed envelope without an external recipient.","fit":"A self-sign call returns a sealed bundle that verifies. Test.","pri":"Must","comp":"Signing Ceremony"}'::jsonb, 9, 'Seed', now()),
  ('prd-esign-api', 'fr', 10, '{"stmt":"The service records every envelope event (created, sent, viewed, signed, declined, completed) as an append-only, hash-chained ledger entry.","fit":"Each ledger entry references the prior entry’s hash and no endpoint edits or deletes an entry. Inspection and Test.","pri":"Must","comp":"Ledger & Audit"}'::jsonb, 10, 'Seed', now()),
  ('prd-esign-api', 'fr', 11, '{"stmt":"On completion the service seals a bundle of the documents, fields, signatures, and ledger, and stamps it with an RFC 3161 timestamp.","fit":"A completed envelope yields a bundle carrying a valid timestamp token. Test.","pri":"Must","comp":"Sealing & Verify"}'::jsonb, 11, 'Seed', now()),
  ('prd-esign-api', 'fr', 12, '{"stmt":"A public verify endpoint validates a submitted bundle against its own contents and hash chain, without reading live service state.","fit":"A valid bundle verifies offline; a bundle with any byte altered fails; zero false-valids on the conformance set. Test.","pri":"Must","comp":"Sealing & Verify"}'::jsonb, 12, 'Seed', now()),
  ('prd-esign-api', 'fr', 13, '{"stmt":"Each envelope carries an assurance level, and the ceremony enforces the identity requirements of that level before capturing a signature.","fit":"A higher-assurance envelope refuses to complete without the required identity step. Test.","pri":"Should","comp":"Assurance & Identity"}'::jsonb, 13, 'Seed', now()),
  ('prd-esign-api', 'fr', 14, '{"stmt":"The service serves an OpenAPI document and returns structured validation errors for malformed requests.","fit":"The OpenAPI spec is served and a malformed request returns a 422 with field-level detail. Inspection and Test.","pri":"Must","comp":"API Platform"}'::jsonb, 14, 'Seed', now()),
  ('prd-esign-api', 'nfr', 1, '{"stmt":"Every recipient action flows through a single-recipient, single-envelope, expiring signing token; no recipient can reach another envelope.","fit":"A token scoped to one recipient cannot read or act on any other envelope. Test.","pri":"Must","comp":"Signing Ceremony"}'::jsonb, 1, 'Seed', now()),
  ('prd-esign-api', 'nfr', 2, '{"stmt":"Row-level security defaults to deny; an issuer reads only their own envelopes and the ledger is writable only by the service.","fit":"A rival issuer reads and writes nothing; no client can append a forged ledger entry. Test.","pri":"Must","comp":"Ledger & Audit"}'::jsonb, 2, 'Seed', now()),
  ('prd-esign-api', 'nfr', 3, '{"stmt":"Sealed bundles are immutable and content-addressed, and verification depends only on the bundle, never on live service state.","fit":"A sealed bundle verifies with the service offline. Test.","pri":"Must","comp":"Sealing & Verify"}'::jsonb, 3, 'Seed', now()),
  ('prd-esign-api', 'nfr', 4, '{"stmt":"The sign submit and verify paths hold 99.9 percent availability and submit is acknowledged at p95 under 500 ms.","fit":"Measured uptime and latency meet the targets under load. Load test.","pri":"Should","comp":"API Platform"}'::jsonb, 4, 'Seed', now()),
  ('prd-esign-api', 'nfr', 5, '{"stmt":"API keys are per-issuer and scoped, and anonymous signing endpoints are rate-limited and input size-capped.","fit":"A flooded signing link is throttled and an oversized upload is rejected. Test.","pri":"Must","comp":"API Platform"}'::jsonb, 5, 'Seed', now()),
  ('prd-esign-api', 'data_entities', 1, '{"entity":"Envelopes","sens":"Business; scoped to the issuing account"}'::jsonb, 1, 'Seed', now()),
  ('prd-esign-api', 'data_entities', 2, '{"entity":"Documents (PDFs)","sens":"Confidential; content-addressed by hash"}'::jsonb, 2, 'Seed', now()),
  ('prd-esign-api', 'data_entities', 3, '{"entity":"Recipients","sens":"Personal; name, email or phone, role"}'::jsonb, 3, 'Seed', now()),
  ('prd-esign-api', 'data_entities', 4, '{"entity":"Fields and placements","sens":"Business; per-signer coordinates"}'::jsonb, 4, 'Seed', now()),
  ('prd-esign-api', 'data_entities', 5, '{"entity":"Signatures","sens":"Personal and sensitive; method and mark, bound to the document hash"}'::jsonb, 5, 'Seed', now()),
  ('prd-esign-api', 'data_entities', 6, '{"entity":"Ledger and audit events","sens":"Sensitive; append-only, hash-chained"}'::jsonb, 6, 'Seed', now()),
  ('prd-esign-api', 'data_entities', 7, '{"entity":"Sealed bundles","sens":"Immutable; verify exposes integrity only"}'::jsonb, 7, 'Seed', now()),
  ('prd-esign-api', 'interfaces', 1, '{"iface":"Timestamp authority","req":"RFC 3161 timestamping of sealed bundles","fit":"Every completed bundle carries a valid timestamp token. Test.","comp":"Sealing & Verify"}'::jsonb, 1, 'Seed', now()),
  ('prd-esign-api', 'interfaces', 2, '{"iface":"Identity verification","req":"KYC or identity proofing for advanced and higher assurance","fit":"A higher-assurance envelope cannot complete without a passed identity check. Test.","comp":"Assurance & Identity"}'::jsonb, 2, 'Seed', now()),
  ('prd-esign-api', 'interfaces', 3, '{"iface":"Delivery (email and SMS)","req":"Recipient notifications and signing links by the chosen delivery method","fit":"A sent envelope reaches the recipient by the selected channel. Test.","comp":"Envelope Service"}'::jsonb, 3, 'Seed', now()),
  ('prd-esign-api', 'interfaces', 4, '{"iface":"Object storage","req":"Document and bundle storage, content-addressed by hash","fit":"A stored object’s hash matches its address. Inspection.","comp":"Document Store"}'::jsonb, 4, 'Seed', now()),
  ('prd-esign-api', 'interfaces', 5, '{"iface":"ReqPub","req":"Create an envelope for a version and return a sealed sign-off to the record","fit":"A ReqPub sign-off produces a sealed bundle referenced on the version. Test.","comp":"API Platform"}'::jsonb, 5, 'Seed', now()),
  ('prd-esign-api', 'people', 1, '{"name":"Micah Canfield","role":"Owner; decision authority on assurance, providers, and pricing"}'::jsonb, 1, 'Seed', now()),
  ('prd-esign-api', 'people', 2, '{"name":"Alon Arad","role":"CTO; sealing, ledger, and security posture"}'::jsonb, 2, 'Seed', now()),
  ('prd-esign-api', 'people', 3, '{"name":"Erik Companhone","role":"SWE lead; envelope, recipients and fields, API platform"}'::jsonb, 3, 'Seed', now()),
  ('prd-esign-api', 'people', 4, '{"name":"Huy Tran","role":"SWE; signing ceremony and hosted signing page"}'::jsonb, 4, 'Seed', now()),
  ('prd-esign-api', 'people', 5, '{"name":"Andy Lan","role":"SWE; document store and data model"}'::jsonb, 5, 'Seed', now()),
  ('prd-esign-api', 'glossary', 1, '{"term":"Envelope","def":"The unit of signing: one or more documents, recipients, fields, and a status."}'::jsonb, 1, 'Seed', now()),
  ('prd-esign-api', 'glossary', 2, '{"term":"Recipient","def":"A party on an envelope with a role (signer, approver, viewer) and a routing order."}'::jsonb, 2, 'Seed', now()),
  ('prd-esign-api', 'glossary', 3, '{"term":"Field","def":"A typed input (signature, initials, date, text, checkbox) placed on a document for a signer."}'::jsonb, 3, 'Seed', now()),
  ('prd-esign-api', 'glossary', 4, '{"term":"Assurance level","def":"The identity strength required to sign, from basic click to identity-verified."}'::jsonb, 4, 'Seed', now()),
  ('prd-esign-api', 'glossary', 5, '{"term":"Signature method","def":"How a mark is captured: drawn, typed, or clicked."}'::jsonb, 5, 'Seed', now()),
  ('prd-esign-api', 'glossary', 6, '{"term":"Ledger","def":"The append-only, hash-chained record of every envelope event."}'::jsonb, 6, 'Seed', now()),
  ('prd-esign-api', 'glossary', 7, '{"term":"Bundle","def":"The sealed, timestamped package of documents, signatures, and ledger."}'::jsonb, 7, 'Seed', now()),
  ('prd-esign-api', 'glossary', 8, '{"term":"Self-sign","def":"An issuer signing their own document in a single call."}'::jsonb, 8, 'Seed', now()),
  ('prd-esign-api', 'glossary', 9, '{"term":"Offline rule","def":"A sealed bundle must verify without the service being online."}'::jsonb, 9, 'Seed', now())
on conflict (project_id, field_id, k) do update set data = excluded.data, pos = excluded.pos, rev = 1;

commit;
